Company,Sector,Previous Close,Open,Bid,Ask,Day's Range,52 Week Range,Volume,Avg. Volume,Market Cap,Beta (3Y Monthly),PE Ratio (TTM),EPS (TTM),Earnings Date,Forward Dividend & Yield,Ex-Dividend Date,1y Target Est,Market Cap (intraday),Enterprise Value,Trailing P/E,Forward P/E,PEG Ratio (5 yr expected),Price/Sales,Price/Book,Enterprise Value/Revenue,Enterprise Value/EBITDA,Fiscal Year Ends,Most Recent Quarter,Profit Margin,Operating Margin,Return on Assets,Return on Equity,Revenue,Revenue Per Share,Quarterly Revenue Growth,Gross Profit,EBITDA,Net Income Avi to Common,Diluted EPS,Quarterly Earnings Growth,Total Cash,Total Cash Per Share,Total Debt,Total Debt/Equity,Current Ratio,Book Value Per Share,Operating Cash Flow,Levered Free Cash Flow,Beta (3Y Monthly),52-Week Change,S&P500 52-Week Change,52 Week High,52 Week Low,50-Day Moving Average,200-Day Moving Average,Avg Vol (3 month),Avg Vol (10 day),Shares Outstanding,Float,% Held by Insiders,% Held by Institutions,"Shares Short (Oct 15, 2018)","Short Ratio (Oct 15, 2018)","Short % of Float (Oct 15, 2018)","Short % of Shares Outstanding (Oct 15, 2018)","Shares Short (prior month Sep 14, 2018)",Forward Annual Dividend Rate,Forward Annual Dividend Yield,Trailing Annual Dividend Rate,Trailing Annual Dividend Yield,5 Year Average Dividend Yield,Payout Ratio,Dividend Date,Ex-Dividend Date,Last Split Factor (new per old),Last Split Date
MMM,Industrials,192.22,193.66,192.42 x 900,0.00 x 1400,191.60 - 194.47,181.98 - 259.77,"3,069,676","2,356,927",112.271B,1.18,26.68,7.23,29-Jan-19,5.44 (2.83%),23-Aug-18,204,112.27B,124.37B,26.68,17.89,2.15,3.42,10.91,3.79,14.58,31-Dec-17,30-Jun-18,13.44%,21.05%,12.21%,40.11%,32.83B,55.14,7.40%,15.74B,8.53B,4.41B,7.23,17.30%,3.19B,5.43,14.54B,139.39,1.56,17.67,5.65B,3.9B,1.18,-16.54%,5.76%,259.77,181.98,203.5,203.31,2.36M,3.25M,582.29M,586.23M,7.74%,10.42%,8.4M,3.64,1.83%,1.44%,7.56M,5.44,2.83%,5.07,2.64%,2.32,70.44%,12-Sep-18,23-Aug-18,1-Feb,30-Sep-03
ABT,Health Care,70.15,70.75,69.81 x 1400,70.56 x 1000,69.59 - 71.38,54.32 - 74.15,"5,314,643","5,993,126",123.136B,1.62,140.94,0.5,"Jan 22, 2019 - Jan 28, 2019",1.12 (1.60%),12-Oct-18,78.94,123.14B,138.13B,140.94,21.93,2.12,4.05,4.03,4.54,20.93,31-Dec-17,30-Sep-18,2.91%,10.56%,N/A,N/A,30.4B,17.3,12.10%,15.97B,6.6B,806M,0.5,-6.60%,3.26B,1.86,20.9B,67.91,N/A,17.43,N/A,N/A,1.62,27.52%,5.76%,74.15,54.32,69.87,64.62,5.99M,7.56M,1.75B,1.74B,0.72%,74.53%,15.62M,2.2,0.92%,0.89%,12.78M,1.12,1.60%,1.12,1.60%,2.05,245.56%,15-Nov-18,12-Oct-18,10000/4798,2-Jan-13
ABBV,Health Care,80.21,84.18,79.21 x 900,80.00 x 1200,78.76 - 84.42,77.50 - 125.86,"12,781,547","5,549,458",120.475B,1.47,19.75,4.03,"Oct 25, 2018 - Oct 29, 2018",3.84 (4.79%),12-Oct-18,105.79,120.48B,159.63B,19.75,8.99,0.66,3.89,N/A,5.16,12.32,31-Dec-17,30-Jun-18,20.84%,36.57%,11.00%,489.67%,30.95B,19.49,19.20%,21.53B,12.95B,6.42B,4.03,3.60%,3.74B,2.47,37.75B,N/A,0.8,-2.23,11.37B,9.33B,1.47,-13.72%,5.76%,125.86,77.5,89.67,95.12,5.55M,8.89M,1.51B,1.51B,0.09%,71.54%,32.65M,5.77,2.34%,2.16%,31.37M,3.84,4.79%,3.27,4.08%,3.22,73.02%,15-Nov-18,12-Oct-18,N/A,N/A
ABMD,Health Care,376.94,390,372.01 x 900,398.50 x 1000,376.12 - 399.80,186.72 - 459.75,"714,660","619,836",17.239B,0.29,107.09,3.59,"Jan 30, 2019 - Feb 4, 2019",N/A (N/A),N/A,446.22,17.24B,16.25B,107.09,79.37,2.68,26.88,23.83,25.33,88.67,31-Mar-18,30-Jun-18,25.71%,26.78%,14.66%,25.55%,641.29M,14.47,35.90%,495.17M,183.22M,164.86M,3.59,141.00%,360.52M,8.03,N/A,N/A,6.49,16.12,202.88M,82.79M,0.29,91.78%,5.76%,459.75,186.72,387.29,384.97,619.84k,893.17k,44.88M,43.91M,4.22%,87.21%,1M,2.05,N/A,2.23%,1.11M,N/A,N/A,N/A,N/A,N/A,0.00%,N/A,N/A,1-Feb,2-Oct-00
ACN,Information Technology,158.58,158.94,0.00 x 2900,0.00 x 800,155.99 - 160.67,142.29 - 175.64,"1,998,622","2,033,740",100.468B,1.04,25.21,6.24,"Dec 19, 2018 - Dec 24, 2018",2.92 (1.84%),17-Oct-18,179.32,100.47B,96.59B,25.21,19.82,2.62,2.54,10.3,2.44,14.27,31-Aug-18,31-Aug-18,10.26%,14.76%,15.49%,41.25%,39.57B,62.97,10.90%,12.44B,6.77B,4.06B,6.24,10.40%,5.06B,7.91,25.01M,0.23,1.34,15.29,6.03B,4.69B,1.04,10.18%,5.76%,175.64,142.29,164.74,161.92,2.03M,2.21M,638.34M,639.37M,0.21%,73.71%,6.85M,2.88,1.11%,1.07%,6.95M,2.92,1.84%,2.66,1.68%,1.98,41.96%,15-Nov-18,17-Oct-18,10-Jan,30-Dec-11
ATVI,Communication Services,69.32,69.95,68.26 x 800,69.29 x 900,68.38 - 70.29,57.29 - 84.68,"4,691,789","7,286,200",52.599B,1.05,105.01,0.66,8-Nov-18,0.34 (0.49%),28-Mar-18,81.21,52.6B,52.01B,105.01,23.39,1.95,7.24,5.08,7.16,23.2,31-Dec-17,30-Jun-18,6.96%,21.15%,5.53%,5.05%,7.27B,9.59,0.60%,4.52B,2.24B,506M,0.66,65.40%,4.97B,6.52,4.39B,42.47,2.98,13.57,2.08B,2.18B,1.05,13.88%,5.76%,84.68,57.29,76.08,73.99,7.29M,8M,762.41M,753.64M,6.00%,89.79%,19.01M,2.78,2.90%,2.49%,22.42M,0.34,0.49%,0.34,0.49%,0.71,52.31%,9-May-18,28-Mar-18,1-Feb,8-Sep-08
ADBE,Information Technology,245.28,246.57,239.90 x 800,240.48 x 900,237.80 - 247.42,165.68 - 277.61,"3,653,486","3,448,481",116.976B,0.81,49.52,4.84,13-Dec-18,N/A (N/A),24-Mar-05,290.35,116.98B,119.83B,49.52,30.03,1.1,13.65,13.22,13.98,38.78,1-Dec-17,31-Aug-18,28.16%,32.30%,11.81%,28.35%,8.57B,17.44,24.40%,6.29B,3.09B,2.41B,4.84,58.80%,4.94B,10.13,1.88B,21.27,1.66,18.12,3.75B,2.75B,0.81,35.66%,5.76%,277.61,165.68,256.31,249.81,3.45M,4.62M,488.13M,486.56M,0.31%,87.29%,4.41M,1.23,0.90%,0.90%,4.55M,N/A,N/A,N/A,N/A,N/A,0.00%,N/A,24-Mar-05,1-Feb,24-May-05
AMD,Information Technology,20.22,20.59,20.37 x 2900,20.39 x 900,19.47 - 21.06,9.04 - 34.14,"123,787,953","123,865,404",19.722B,4.06,70,0.29,"Jan 28, 2019 - Feb 1, 2019",N/A (N/A),27-Apr-95,23.87,19.72B,24.87B,70,31.61,78.5,3.08,22.43,3.88,39.6,30-Dec-17,30-Jun-18,4.92%,7.29%,7.81%,48.61%,6.4B,6.63,52.60%,1.82B,628M,315M,0.29,N/A,983M,1.01,1.39B,158.48,1.66,0.9,318M,150.38M,4.06,69.49%,5.76%,34.14,9.04,26.67,19.41,123.87M,125.98M,974.87M,966.16M,0.52%,72.29%,121.63M,0.98,16.69%,12.48%,151.9M,N/A,N/A,N/A,N/A,N/A,0.00%,N/A,27-Apr-95,1-Feb,22-Aug-00
AAP,Consumer Discretionary,163.51,165.02,0.00 x 800,0.00 x 1000,163.72 - 165.69,78.81 - 171.50,"1,089,233","1,094,620",12.223B,1.49,22.85,7.22,13-Nov-18,0.24 (0.15%),20-Sep-18,171.19,12.22B,12.29B,22.85,20.52,1.32,1.3,3.34,1.3,13.18,30-Dec-17,14-Jul-18,5.68%,7.32%,4.99%,15.77%,9.42B,127.39,2.80%,4.09B,932.24M,535.06M,7.22,35.40%,902.25M,12.18,1.05B,28.58,1.63,49.4,777.42M,629.97M,1.49,102.59%,5.76%,171.5,78.81,165.71,144.35,1.09M,1.37M,74.08M,73.67M,0.29%,103.28%,2.7M,2.87,3.81%,3.64%,2.53M,0.24,0.15%,0.24,0.15%,0.18,3.32%,5-Oct-18,20-Sep-18,2-Mar,26-Sep-05
AES,Utilities,14.74,14.74,14.26 x 1100,15.61 x 4000,14.59 - 14.84,9.87 - 15.39,"6,687,869","6,578,946",9.661B,1.07,N/A,-0.33,6-Nov-18,0.52 (3.53%),31-Oct-18,14.33,9.66B,29.74B,N/A,11.15,1.42,0.91,2.92,2.8,8.59,31-Dec-17,30-Jun-18,-2.04%,22.26%,4.28%,10.38%,10.61B,16.07,-2.90%,2.49B,3.46B,245M,-0.33,447.20%,2B,3.02,19.59B,342.68,1.32,5,2.44B,-172.12M,1.07,42.42%,5.76%,15.39,9.87,14.41,13.32,6.58M,6.88M,661.68M,659.64M,0.58%,100.46%,16.12M,2.41,2.75%,2.44%,14.32M,0.52,3.53%,0.5,3.39%,3.09,135.14%,15-Nov-18,31-Oct-18,1-Feb,2-Jun-00
AET,Health Care,200.14,200.97,0.00 x 1000,0.00 x 900,197.81 - 201.54,166.89 - 206.66,"1,853,113","2,007,033",64.894B,0.9,18.68,10.61,"Jan 28, 2019 - Feb 1, 2019",2.00 (1.00%),23-Oct-18,206.8,64.89B,63.8B,18.68,15.98,1.76,1.07,3.73,1.05,10.47,31-Dec-17,30-Jun-18,5.77%,9.00%,5.94%,21.28%,60.74B,185.19,0.20%,15.91B,6.1B,3.5B,10.61,0.70%,9.89B,30.21,8.16B,46.17,1.08,53.15,3.23B,3.16B,0.9,13.11%,5.76%,206.66,166.89,201.31,190.34,2.01M,2.38M,327.4M,326.14M,0.38%,86.86%,3.92M,1.76,1.28%,1.20%,4.07M,2,1.00%,2,1.00%,0.97,17.97%,1-Nov-18,23-Oct-18,1-Feb,21-Feb-06
AMG,Financials,118.26,119.37,0.00 x 2200,0.00 x 800,115.76 - 119.56,110.27 - 217.00,"610,214","528,589",6.242B,1.73,9.23,12.66,"Jan 28, 2019 - Feb 1, 2019",1.20 (1.06%),7-Nov-18,150.25,6.24B,9.38B,9.23,7.4,1.17,2.6,1.71,3.9,9.86,31-Dec-17,30-Jun-18,29.58%,35.03%,6.14%,19.98%,2.4B,43.76,5.10%,1.33B,951.9M,710.7M,12.66,-7.40%,476.9M,8.93,1.88B,35.45,890.64,68.15,1.3B,601.25M,1.73,-36.44%,5.76%,217,110.27,129.89,149.1,528.59k,778.2k,53.43M,52.94M,0.75%,94.68%,943.56k,1.85,1.95%,1.77%,965.48k,1.2,1.06%,1,0.85%,N/A,7.94%,23-Aug-18,7-Nov-18,2-Mar,30-Mar-04
AFL,Financials,42.87,43.32,40.00 x 2900,47.20 x 1200,42.61 - 43.59,41.41 - 48.19,"3,519,078","2,965,236",32.738B,0.73,6.96,6.16,"Jan 29, 2019 - Feb 4, 2019",1.04 (2.43%),20-Nov-18,46.71,32.74B,39.16B,6.96,10.29,1.23,1.48,1.39,1.77,8.49,31-Dec-17,30-Jun-18,21.92%,20.60%,2.05%,21.41%,22.13B,28.32,3.00%,7.18B,4.61B,4.85B,6.16,16.70%,3.85B,5.01,9.03B,37.93,0.38,30.94,5.77B,699.63M,0.73,1.38%,5.76%,48.19,41.41,45.45,45.31,2.97M,4.09M,763.11M,758.37M,2.17%,70.47%,12.44M,3.93,1.63%,1.62%,11.35M,1.04,2.43%,0.96,2.24%,2.32,15.66%,3-Dec-18,20-Nov-18,1-Feb,19-Mar-18
A,Health Care,65.22,65.8,0.00 x 1400,0.00 x 800,65.43 - 66.61,60.42 - 75.00,"2,272,114","2,407,878",21.017B,1.32,72.21,0.91,19-Nov-18,0.60 (0.91%),1-Oct-18,79.08,21.02B,19.67B,72.21,22.27,2.21,4.37,4.61,4.09,16.83,31-Oct-17,31-Jul-18,6.20%,20.02%,7.25%,6.49%,4.81B,14.94,8.00%,2.41B,1.17B,298M,0.91,34.90%,2.13B,6.68,1.8B,39.38,3.62,14.31,1B,579.75M,1.32,-4.40%,5.76%,75,60.42,67.46,65.8,2.41M,2.99M,318.77M,318.17M,0.27%,86.88%,5.27M,2.16,1.64%,1.65%,4.28M,0.6,0.91%,0.58,0.89%,0.96,63.63%,24-Oct-18,1-Oct-18,1398/1000,3-Nov-14
APD,Materials,155.37,157.2,0.00 x 800,0.00 x 900,154.38 - 158.06,148.44 - 175.17,"1,427,318","995,056",34.171B,0.98,22.7,6.86,6-Nov-18,4.40 (2.83%),28-Sep-18,192.72,34.17B,34.55B,22.7,19,1.91,3.87,3.26,3.91,12.28,30-Sep-17,30-Jun-18,17.13%,21.15%,6.30%,14.88%,8.83B,40.33,6.50%,2.43B,2.81B,1.48B,6.86,365.10%,3.01B,13.73,3.9B,36.05,2.4,47.82,2.57B,740.92M,0.98,-2.16%,5.76%,175.17,148.44,161.92,162.53,995.06k,1.64M,219.27M,218.76M,0.21%,88.05%,1.93M,2.11,0.88%,0.88%,1.9M,4.4,2.83%,4.1,2.64%,2.37,61.19%,12-Nov-18,28-Sep-18,1081/1000,3-Oct-16
AKAM,Information Technology,72.29,72.65,70.01 x 900,72.22 x 1200,71.11 - 72.97,52.92 - 83.08,"1,708,692","1,823,046",12.164B,-0.46,67.19,1.07,"Oct 22, 2018 - Oct 26, 2018",N/A (N/A),N/A,84.06,12.16B,10.56B,67.19,17.85,1.24,4.63,3.53,4.02,15.73,31-Dec-17,30-Jun-18,6.99%,14.79%,4.81%,5.46%,2.63B,15.44,9.40%,1.63B,671.05M,183.76M,1.07,-24.10%,1.86B,10.95,1.53B,44.41,2.19,20.35,845.42M,418.61M,-0.46,34.52%,5.76%,83.08,52.92,68.36,73.79,1.82M,3.46M,169.5M,164.5M,2.92%,88.74%,8.77M,4.68,5.33%,5.17%,8.49M,N/A,N/A,N/A,N/A,N/A,0.00%,N/A,N/A,N/A,N/A
ALK,Industrials,63.69,64.12,0.00 x 1400,0.00 x 2200,63.35 - 65.30,57.53 - 76.06,"1,686,042","1,502,307",7.88B,0.72,9.34,6.84,"Jan 23, 2019 - Jan 28, 2019",1.28 (2.01%),20-Aug-18,76.67,7.88B,8.5B,9.34,11.29,1.68,0.98,2.19,1.05,6.2,31-Dec-17,30-Jun-18,10.46%,12.22%,5.67%,24.65%,8.08B,65.66,2.60%,2.77B,1.37B,845M,6.84,-34.10%,1.57B,12.73,2.31B,64.35,0.73,29.16,1.23B,-15M,0.72,-0.39%,5.76%,76.06,57.53,64.97,63.54,1.5M,1.75M,123.36M,122.71M,0.42%,90.83%,10.16M,5.55,8.27%,8.25%,9.32M,1.28,2.01%,1.24,1.95%,1.25,18.13%,6-Sep-18,20-Aug-18,1-Feb,10-Jul-14
ALB,Materials,105.42,105.81,0.00 x 800,0.00 x 800,105.59 - 108.47,86.75 - 144.99,"1,710,766","1,512,620",11.543B,1.33,35.53,3,7-Nov-18,1.34 (1.27%),13-Dec-18,126.3,11.54B,11.28B,35.53,17.48,1.54,3.51,3.12,3.43,12.02,31-Dec-17,30-Jun-18,10.17%,22.34%,6.19%,9.63%,3.29B,29.8,15.80%,1.16B,938.18M,334.52M,3,192.70%,908.14M,8.37,1.62B,42.1,2.19,34.06,582.29M,121.87M,1.33,-25.74%,5.76%,144.99,86.75,99.83,97.02,1.51M,1.74M,108.45M,107.98M,0.42%,93.90%,12.59M,8.55,12.96%,11.61%,15.25M,1.34,1.27%,1.31,1.24%,1.56,43.38%,1-Oct-18,13-Dec-18,1-Feb,2-Mar-07
ARE,Real Estate,122.29,122.29,117.00 x 800,127.90 x 800,118.90 - 122.58,114.00 - 134.37,"656,722","573,310",12.709B,1.13,43.02,2.79,"Jan 28, 2019 - Feb 1, 2019",3.72 (3.04%),27-Sep-18,136.33,12.71B,18.89B,43.02,53.15,436.8,10.32,1.94,15.33,24.38,31-Dec-17,30-Jun-18,23.01%,28.10%,1.74%,4.85%,1.23B,12.65,19.20%,803.81M,774.75M,273.1M,2.79,59.90%,293.02M,2.77,5.61B,80.2,0.86,61.79,484.82M,554.08M,1.13,-2.69%,5.76%,134.37,114,123.46,125.42,573.31k,619.88k,105.8M,104.1M,1.42%,103.36%,6.12M,9.19,7.29%,5.79%,6.68M,3.72,3.04%,3.59,2.94%,3.16,86.52%,15-Oct-18,27-Sep-18,1-Jan,24-Apr-06
ALXN,Health Care,119.7,120.36,118.51 x 800,124.99 x 800,119.35 - 123.18,102.10 - 140.77,"1,383,398","1,595,884",27.401B,0.88,N/A,-0.45,"Oct 24, 2018 - Oct 29, 2018",N/A (N/A),N/A,163.29,27.4B,29.43B,N/A,14.13,0.85,7.32,3.12,7.86,17.24,31-Dec-17,30-Jun-18,-2.68%,32.56%,5.65%,-1.14%,3.74B,16.81,14.50%,3.25B,1.71B,-100.3M,-0.45,N/A,1.19B,5.32,3.2B,36.55,2.72,39.35,483.1M,889.66M,0.88,3.24%,5.76%,140.77,102.1,124.95,122.49,1.6M,2.8M,223.1M,221.86M,0.47%,96.17%,4.25M,2.33,1.99%,1.91%,3.75M,N/A,N/A,N/A,N/A,N/A,0.00%,N/A,N/A,1-Feb,23-May-11
ALGN,Health Care,230.95,233.53,224.53 x 800,232.00 x 900,227.02 - 239.48,203.12 - 398.88,"2,096,974","1,075,666",18.454B,1.78,63.68,3.61,"Jan 28, 2019 - Feb 1, 2019",N/A (N/A),N/A,320.14,18.45B,24.32B,63.68,38.74,1.87,10.64,15.14,14.03,51.28,31-Dec-17,30-Jun-18,17.00%,24.76%,15.47%,25.67%,1.73B,21.64,37.50%,1.12B,474.31M,294.79M,3.61,53.40%,712.62M,8.87,N/A,N/A,2.22,15.18,497.57M,137.64M,1.78,-5.54%,5.76%,398.88,203.12,329.57,334.47,1.08M,3.13M,80.32M,73.35M,9.18%,81.13%,1.47M,1.62,2.02%,1.83%,1.68M,N/A,N/A,N/A,N/A,N/A,0.00%,N/A,N/A,N/A,N/A
ALLE,Industrials,87.41,88.18,0.00 x 1300,0.00 x 800,87.37 - 89.00,73.85 - 92.87,"689,225","610,087",8.378B,1.18,29.59,2.98,"Oct 24, 2018 - Oct 29, 2018",0.84 (0.96%),14-Sep-18,95.56,8.38B,9.14B,29.59,17.81,1.73,3.29,16.55,3.58,15.71,31-Dec-17,30-Jun-18,11.19%,20.24%,12.99%,74.18%,2.55B,26.84,12.40%,1.08B,581.6M,285.5M,2.98,8.00%,189.6M,2,1.46B,287.22,1.8,5.33,401.9M,290.12M,1.18,5.20%,5.76%,92.87,73.85,86.74,82.56,610.09k,1.03M,95.06M,94.71M,0.31%,100.39%,3.51M,5.82,4.14%,3.69%,5.45M,0.84,0.96%,0.74,0.85%,N/A,24.31%,28-Sep-18,14-Sep-18,N/A,N/A
AGN,Health Care,164.46,165.17,160.00 x 800,0.00 x 800,161.68 - 165.98,142.81 - 197.00,"2,421,368","1,965,869",55.346B,1.29,N/A,-5.32,"Oct 30, 2018 - Nov 5, 2018",2.88 (1.82%),9-Nov-18,211.82,55.35B,87.37B,N/A,9.95,1.67,3.43,0.78,5.41,11.78,31-Dec-17,30-Jun-18,-9.86%,0.76%,0.07%,-1.63%,16.16B,48.28,2.90%,13.77B,7.42B,-1.39B,-5.32,N/A,1.7B,5,25.35B,35.57,1,209.97,6.05B,6.79B,1.29,-5.67%,5.76%,197,142.81,184.59,174.52,1.97M,3.33M,339.44M,320.46M,0.28%,86.95%,3.14M,1.55,0.91%,0.93%,3.09M,2.88,1.82%,2.84,1.73%,N/A,36.95%,14-Dec-18,9-Nov-18,1-Feb,30-Oct-97
ADS,Information Technology,207.52,208.53,0.00 x 1000,0.00 x 900,203.69 - 209.87,192.02 - 278.33,"294,985","487,175",11.255B,2.18,11.96,17.13,"Jan 23, 2019 - Jan 28, 2019",2.28 (1.10%),13-Nov-18,263.43,11.25B,32.29B,11.96,8.19,0.7,1.44,4.9,4.12,18.08,31-Dec-17,30-Sep-18,12.11%,18.01%,3.06%,48.88%,7.84B,141.93,1.80%,1.92B,1.79B,949.5M,17.13,27.10%,3.6B,65.71,24.63B,"1,074.88",N/A,41.81,2.88B,N/A,2.18,-10.04%,5.76%,278.33,192.02,224.02,224.7,487.18k,553.29k,54.94M,47.31M,2.60%,98.38%,1.67M,3.19,3.46%,3.04%,1.7M,2.28,1.10%,2.23,1.07%,N/A,13.69%,19-Dec-18,13-Nov-18,1-Apr,6-Jun-06
LNT,Utilities,42.86,43.03,37.04 x 1400,0.00 x 1200,42.22 - 43.13,36.84 - 45.55,"1,850,107","1,421,124",10.107B,-0.04,20.31,2.09,6-Nov-18,1.34 (3.13%),30-Oct-18,42.75,10.11B,16.15B,20.31,18.88,3.85,2.89,2.28,4.62,13.71,31-Dec-17,30-Jun-18,13.84%,19.15%,2.95%,11.00%,3.5B,15.1,6.60%,1.22B,1.18B,483.9M,2.09,6.50%,5M,0.02,5.57B,122.31,0.64,18.61,790.9M,-806.57M,-0.04,-1.67%,5.76%,45.55,36.84,43.16,42.35,1.42M,1.89M,237.97M,233.36M,0.16%,73.67%,4.51M,2.79,2.18%,1.93%,5.64M,1.34,3.13%,1.3,3.03%,3.24,61.81%,15-Nov-18,30-Oct-18,1-Feb,20-May-16
ALL,Financials,89.97,90.37,0.00 x 1000,0.00 x 1200,88.93 - 90.99,88.29 - 105.36,"2,738,242","1,875,556",31.005B,0.62,9.41,9.52,"May 3, 2016 - May 9, 2016",1.84 (2.05%),30-Aug-18,108.93,31.01B,38.4B,9.41,9.81,0.69,0.8,1.49,0.99,7.33,31-Dec-17,30-Jun-18,9.16%,12.18%,2.64%,15.98%,38.94B,109.53,2.90%,9.2B,5.24B,3.44B,9.52,16.80%,3.61B,10.43,6.45B,27.88,0.47,60,5.06B,3.11B,0.62,-9.20%,5.76%,105.36,88.29,97.05,96.17,1.88M,2.61M,346.23M,344.97M,0.31%,78.62%,5.49M,3.35,1.56%,1.58%,5.31M,1.84,2.05%,1.66,1.85%,1.75,17.26%,1-Oct-18,30-Aug-18,1-Feb,2-Jul-98
GOOGL,Communication Services,"1,085.98","1,089.00","1,050.00 x 800","1,073.15 x 1800","1,067.70 - 1,098.00","984.00 - 1,291.44","1,955,534","1,959,260",739.801B,1.43,46.27,23.16,"Jan 30, 2019 - Feb 4, 2019",N/A (N/A),N/A,"1,352.75",739.8B,677.35B,46.27,22.82,1.71,5.97,4.6,5.47,17.73,31-Dec-17,30-Jun-18,13.16%,24.48%,9.71%,10.51%,123.9B,178.41,25.60%,65.27B,38.21B,16.31B,23.16,-9.30%,102.25B,146.99,3.98B,2.46,4.15,232.78,41.91B,21.7B,1.43,4.15%,5.76%,"1,291.44",984,"1,138.09","1,152.77",1.96M,3.28M,298.97M,603.56M,0.15%,80.43%,1.95M,0.96,0.65%,0.28%,2.21M,N/A,N/A,N/A,N/A,N/A,0.00%,N/A,N/A,1998/1000,3-Apr-14
GOOG,Communication Services,"1,070.00","1,073.73","1,058.01 x 1200","1,058.75 x 800","1,054.61 - 1,082.89","980.64 - 1,273.89","1,576,589","1,635,781",739.716B,1.44,45.68,23.16,N/A,N/A (N/A),N/A,"1,328.00",739.72B,669.54B,45.68,22.51,1.68,5.97,4.54,5.4,17.52,31-Dec-17,30-Jun-18,13.16%,24.48%,9.71%,10.51%,123.9B,178.41,25.60%,65.27B,38.21B,16.31B,23.16,-9.30%,102.25B,146.99,3.98B,2.46,4.15,232.78,41.91B,21.7B,1.44,4.30%,5.76%,"1,273.89",980.64,"1,128.33","1,142.32",1.64M,2.71M,349.62M,603.56M,5.75%,69.70%,2.1M,1.45,N/A,0.30%,2.09M,N/A,N/A,N/A,N/A,N/A,0.00%,N/A,N/A,10000000/10000000,27-Apr-15
MO,Consumer Staples,63.67,63.6,0.00 x 800,0.00 x 3000,62.78 - 64.18,53.91 - 74.38,"9,939,628","6,942,756",119.773B,0.48,11.44,5.57,"Jan 30, 2019 - Feb 4, 2019",3.20 (5.03%),13-Sep-18,67.62,119.77B,129.47B,11.44,14.7,1.57,6.18,7.62,6.68,12.82,31-Dec-17,30-Jun-18,54.69%,51.01%,14.22%,74.98%,19.39B,10.19,-3.70%,12.03B,10.1B,10.59B,5.57,-5.70%,1.43B,0.76,13.9B,87.78,0.65,8.35,6.83B,5.41B,0.48,0.35%,5.76%,74.38,53.91,62.05,58.8,6.94M,9.3M,1.88B,1.89B,0.11%,64.62%,26.85M,3.65,1.42%,1.42%,31.38M,3.2,5.03%,2.72,4.27%,3.98,50.98%,10-Oct-18,13-Sep-18,1-Mar,11-Apr-97
AMZN,Consumer Discretionary,"1,665.53","1,678.59","1,666.00 x 800","1,666.50 x 900","1,651.83 - 1,697.22","1,108.77 - 2,050.50","6,462,511","5,858,344",814.393B,1.81,131.9,12.63,"Jan 30, 2019 - Feb 4, 2019",N/A (N/A),N/A,"2,136.14",814.39B,881.41B,131.9,62.47,1.9,3.91,23.18,4.24,42.72,31-Dec-17,30-Jun-18,3.02%,3.55%,4.16%,21.56%,208.13B,430.45,39.30%,65.93B,20.63B,6.27B,12.63,1186.30%,27.05B,55.46,45.79B,130.84,1.07,71.86,21.86B,11.02B,1.81,48.62%,5.76%,"2,050.50","1,108.77","1,828.42","1,764.37",5.86M,10.37M,488.97M,408.48M,16.24%,58.42%,5.12M,0.84,1.57%,1.05%,5.04M,N/A,N/A,N/A,N/A,N/A,0.00%,N/A,N/A,1-Feb,2-Sep-99
AEE,Utilities,64.35,64.63,0.00 x 1400,67.25 x 800,63.32 - 64.80,51.89 - 67.23,"1,429,918","1,604,393",15.523B,0.12,25.23,2.52,"Nov 1, 2018 - Nov 5, 2018",1.90 (2.95%),11-Dec-18,66.69,15.52B,25.06B,25.23,19.45,2.68,2.57,2.1,4.14,10.15,31-Dec-17,30-Jun-18,10.22%,24.59%,3.58%,8.42%,6.05B,24.89,1.00%,2.83B,2.47B,618M,2.52,23.80%,29M,0.12,8.97B,119.1,0.62,30.27,2.06B,-600.88M,0.12,3.59%,5.76%,67.23,51.89,64.56,61.32,1.6M,1.75M,244.04M,242.98M,0.36%,70.93%,5.83M,3.05,2.70%,2.39%,5.92M,1.9,2.95%,1.81,2.82%,3.51,71.92%,31-Dec-18,11-Dec-18,N/A,N/A
AAL,Industrials,36.37,36.59,35.92 x 2200,36.39 x 4000,35.64 - 37.46,30.24 - 59.08,"9,353,080","8,072,701",16.733B,1.55,11.83,3.07,"Jan 23, 2019 - Jan 28, 2019",0.40 (1.14%),5-Nov-18,47.56,16.73B,34.31B,11.83,7.03,0.8,0.39,N/A,0.79,5.7,31-Dec-17,30-Jun-18,3.40%,9.06%,4.62%,103.16%,43.2B,91.06,3.70%,12.76B,6.02B,1.47B,3.07,-34.50%,4.67B,10.15,24.08B,N/A,0.55,-1.89,3.69B,-225.88M,1.55,-23.45%,5.76%,59.08,30.24,36.29,39.7,8.07M,12.31M,460.58M,411.11M,41.50%,6.13%,30.5M,3.37,8.81%,6.62%,26.42M,0.4,1.14%,0.4,1.10%,N/A,16.13%,20-Nov-18,5-Nov-18,N/A,N/A
AEP,Utilities,72.97,73.26,0.00 x 900,73.60 x 800,72.07 - 73.53,62.71 - 78.07,"3,054,470","2,563,304",35.844B,-0.08,18.59,3.91,"Jan 23, 2019 - Jan 28, 2019",2.68 (3.67%),8-Nov-18,76.67,35.84B,60.55B,18.59,17.6,3.35,2.24,1.91,3.79,11.48,31-Dec-17,30-Jun-18,12.07%,20.85%,3.21%,10.61%,15.98B,32.46,12.20%,6.49B,5.27B,1.93B,3.91,40.90%,374.3M,0.76,24.62B,130.81,0.5,37.98,4.56B,-3.25B,-0.08,-1.03%,5.76%,78.07,62.71,72,69.89,2.56M,3.68M,493.11M,492.81M,0.02%,73.96%,7.42M,2.8,1.51%,1.51%,6.71M,2.68,3.67%,2.45,3.36%,3.56,62.47%,10-Dec-18,8-Nov-18,N/A,N/A
AXP,Financials,104.04,104.93,103.42 x 1000,103.98 x 800,102.89 - 105.05,87.54 - 111.77,"4,322,249","3,107,220",88.596B,1.15,24.98,4.15,"Jan 16, 2019 - Jan 21, 2019",1.56 (1.50%),4-Oct-18,116.58,88.6B,116.14B,24.98,12.77,1.13,2.71,4.22,3.55,N/A,31-Dec-17,30-Sep-18,11.30%,25.16%,2.07%,17.55%,32.69B,37.99,21.50%,21.42B,N/A,3.58B,4.15,22.00%,30B,35.13,57B,271.43,2.27,24.59,N/A,N/A,1.15,8.05%,5.76%,111.77,87.54,105.95,102.36,3.11M,4.06M,854.26M,699.71M,0.27%,84.65%,4.64M,1.5,0.66%,0.54%,5.88M,1.56,1.50%,1.44,1.38%,1.41,34.04%,9-Nov-18,4-Oct-18,10000/8753,3-Oct-05
AIG,Financials,43.12,43.42,0.00 x 3200,0.00 x 1100,42.37 - 44.00,39.29 - 65.05,"9,269,658","6,012,678",38.452B,1.24,N/A,-7.2,"Oct 31, 2018 - Nov 5, 2018",1.28 (3.10%),11-Dec-18,58.33,38.45B,54.52B,N/A,8.23,0.44,0.8,0.63,1.14,8.43,31-Dec-17,30-Jun-18,-13.65%,3.79%,0.23%,-9.55%,47.78B,52.69,-6.90%,11.7B,6.47B,-6.52B,-7.2,-17.10%,19.13B,21.53,33.78B,54.67,0.69,68.65,111M,77.03B,1.24,-31.00%,5.76%,65.05,39.29,49.65,52.83,6.01M,12.35M,888.45M,887.78M,0.10%,92.16%,20.62M,4.33,2.28%,2.32%,21.2M,1.28,3.10%,1.28,2.97%,1.54,N/A,28-Sep-18,11-Dec-18,20-Jan,1-Jul-09
AMT,Real Estate,153.02,152.82,0.00 x 800,0.00 x 1100,149.24 - 153.00,130.37 - 161.71,"3,978,766","1,762,947",66.981B,0.87,60.29,2.52,"Oct 29, 2018 - Nov 2, 2018",3.16 (2.07%),27-Sep-18,166.17,66.98B,88.36B,60.29,43.08,5.96,9.7,12.09,12.79,21.56,31-Dec-17,30-Jun-18,16.61%,33.34%,4.41%,14.66%,6.91B,15.93,7.10%,4.61B,4.1B,1.1B,2.52,-16.40%,834.5M,1.89,21.11B,295.88,0.45,12.58,3.18B,2.92B,0.87,1.90%,5.76%,161.71,130.37,147.69,143.87,1.76M,3.72M,440.49M,439.99M,0.17%,95.59%,4.44M,2.69,1.01%,1.01%,4.42M,3.16,2.07%,2.88,1.88%,1.7,113.16%,17-Oct-18,27-Sep-18,N/A,N/A
AWK,Utilities,88.33,88.23,86.11 x 1100,89.13 x 800,86.60 - 88.55,76.04 - 92.79,"839,428","740,686",15.771B,-0.07,33.35,2.62,"Oct 30, 2018 - Nov 5, 2018",1.82 (2.06%),8-Nov-18,93.5,15.77B,24.53B,33.35,24.54,3.25,4.68,2.75,7.28,14.69,31-Dec-17,30-Jun-18,13.94%,34.56%,3.69%,8.45%,3.37B,18.89,1.10%,1.97B,1.67B,470M,2.62,23.70%,71M,0.39,8.37B,145.83,0.28,31.78,1.45B,-489.38M,-0.07,-0.32%,5.76%,92.79,76.04,88.89,86.3,740.69k,1.03M,180.49M,180.08M,0.23%,86.39%,4.6M,5.8,2.89%,2.55%,4.67M,1.82,2.06%,1.7,1.92%,2.13,69.05%,4-Sep-18,8-Nov-18,N/A,N/A
AMP,Financials,128.92,130.48,0.00 x 800,0.00 x 1100,125.80 - 131.24,120.79 - 183.90,"939,239","880,147",17.939B,2.01,11.09,11.41,"Jan 22, 2019 - Jan 28, 2019",3.60 (2.77%),2-Nov-18,161.4,17.94B,20.51B,11.09,7.77,0.58,1.43,3.19,1.64,5.64,31-Dec-17,30-Jun-18,13.90%,27.28%,1.49%,29.29%,12.52B,83.41,6.30%,6.18B,3.63B,1.74B,11.41,17.60%,3.3B,23.25,5.04B,89.42,2.5,39.6,1.53B,1.67B,2.01,-19.75%,5.76%,183.9,120.79,140.01,141.31,880.15k,1.4M,141.86M,141.34M,0.31%,86.38%,1.62M,1.86,1.11%,1.16%,1.79M,3.6,2.77%,3.39,2.63%,2.24,29.61%,16-Nov-18,2-Nov-18,N/A,N/A
ABC,Health Care,90.92,91.71,0.00 x 1000,0.00 x 800,88.06 - 91.98,73.19 - 106.27,"989,524","1,241,773",19.163B,1.23,18.16,4.88,6-Nov-18,1.52 (1.67%),17-Aug-18,96.92,19.16B,22.09B,18.16,12.46,1.39,0.12,6.2,0.14,9.26,30-Sep-17,30-Jun-18,0.66%,1.16%,3.26%,36.96%,163.76B,748.98,11.50%,4.54B,2.38B,1.08B,4.88,447.80%,2.39B,11.04,4.77B,145.46,0.94,14.28,2.13B,1.8B,1.23,21.45%,5.76%,106.27,73.19,89.65,87.69,1.24M,1.41M,216.36M,158.89M,26.51%,68.55%,4.55M,3.71,2.83%,2.10%,3.89M,1.52,1.67%,1.5,1.66%,1.44,30.84%,4-Sep-18,17-Aug-18,1-Feb,16-Jun-09
AME,Industrials,71.63,72.46,0.00 x 800,0.00 x 800,71.65 - 73.21,64.91 - 81.92,"2,742,452","1,247,596",16.843B,1.23,22.02,3.3,"Jan 30, 2019 - Feb 4, 2019",0.56 (0.78%),13-Sep-18,86.64,16.84B,17.36B,22.02,20.46,2.35,3.65,3.88,3.77,14.37,31-Dec-17,30-Jun-18,16.65%,21.98%,8.07%,19.35%,4.61B,19.97,13.60%,1.47B,1.21B,767.26M,3.3,28.80%,557.69M,2.4,2.15B,49.47,1.71,18.71,872.39M,683.27M,1.23,4.49%,5.76%,81.92,64.91,74.92,74.85,1.25M,2.02M,231.9M,228.47M,1.65%,87.78%,4.44M,3.97,2.14%,1.92%,2.98M,0.56,0.78%,0.46,0.64%,0.62,13.94%,28-Sep-18,13-Sep-18,2-Mar,2-Jul-12
AMGN,Health Care,192.9,194.29,186.55 x 1800,187.38 x 1300,185.83 - 195.35,163.31 - 210.19,"3,089,665","2,675,749",119.718B,1.53,56.04,3.34,"Jan 30, 2019 - Feb 4, 2019",5.28 (2.74%),15-Nov-18,204.45,119.72B,133.03B,56.04,12.96,2.92,5.16,8.14,5.74,10.63,31-Dec-17,30-Jun-18,10.19%,45.89%,9.03%,10.14%,23.19B,32.94,4.30%,18.93B,12.51B,2.36B,3.34,6.70%,29.39B,45.41,34.5B,231.38,3.39,22.97,11.29B,8.55B,1.53,12.94%,5.76%,210.19,163.31,199.99,190.11,2.68M,4.1M,640M,646.26M,0.19%,80.84%,10.29M,3.57,1.54%,1.59%,10.63M,5.28,2.74%,4.94,2.56%,2.16,133.07%,7-Dec-18,15-Nov-18,1-Feb,22-Nov-99
APH,Information Technology,89.85,90.33,0.00 x 800,0.00 x 1000,89.54 - 90.94,80.42 - 97.56,"2,560,828","1,535,523",27.24B,0.93,39.37,2.3,23-Jan-19,0.92 (1.02%),14-Sep-18,100.8,27.24B,27.34B,39.37,22.49,2.45,3.57,7.2,3.58,15.18,31-Dec-17,30-Jun-18,9.49%,20.47%,10.45%,19.04%,7.63B,25.13,18.90%,2.31B,1.8B,724.5M,2.3,13.20%,991.1M,3.3,3.44B,90.14,1.72,12.55,1.02B,779.64M,0.93,2.99%,5.76%,97.56,80.42,89.76,89.94,1.54M,2.97M,301.33M,298.89M,0.42%,98.37%,3.75M,2.72,1.63%,1.25%,4.43M,0.92,1.02%,0.8,0.89%,0.85,34.57%,10-Oct-18,14-Sep-18,1-Feb,10-Oct-14
APC,Energy,54.86,54.85,0.00 x 800,0.00 x 1800,52.85 - 55.45,46.80 - 76.70,"5,731,524","4,655,575",26.833B,1.84,67.7,0.79,"Oct 29, 2018 - Nov 2, 2018",1.00 (1.82%),11-Sep-18,86.81,26.83B,49.43B,67.7,11.88,1.54,2.27,3,4.17,10.31,31-Dec-17,30-Jun-18,3.60%,2.18%,0.38%,4.51%,11.85B,22.46,31.00%,7.5B,4.79B,417M,0.79,N/A,2.34B,4.57,17.51B,152.32,0.85,17.75,4.68B,-836M,1.84,5.85%,5.76%,76.7,46.8,64.36,67.51,4.66M,6.68M,504.28M,510.72M,0.33%,88.57%,11.03M,3.08,2.14%,2.15%,10.31M,1,1.82%,0.6,1.09%,0.96,29.20%,26-Sep-18,11-Sep-18,1-Feb,30-May-06
ADI,Information Technology,88,88.32,86.83 x 900,87.25 x 800,86.25 - 89.01,76.62 - 103.59,"3,326,915","3,330,344",32.402B,1.22,23.22,3.76,20-Nov-18,1.92 (2.18%),30-Aug-18,104.95,32.4B,36.5B,23.22,14.93,1.59,5.27,2.98,5.94,13.15,28-Oct-17,4-Aug-18,22.95%,32.35%,5.96%,13.57%,6.15B,16.62,9.70%,3.42B,2.78B,1.4B,3.76,501.40%,772.57M,2.08,6.56B,60.38,1.58,29.21,2.34B,1.93B,1.22,-4.64%,5.76%,103.59,76.62,87.35,93.76,3.33M,4.65M,371.67M,370.24M,0.39%,90.35%,10.92M,3.13,2.94%,2.94%,8M,1.92,2.18%,1.89,2.15%,2.45,49.08%,12-Sep-18,30-Aug-18,1-Feb,16-Mar-00
ANSS,Information Technology,153.14,160.54,133.49 x 800,167.42 x 800,154.41 - 160.54,140.78 - 190.45,"808,688","549,903",13.09B,1.08,44.26,3.51,7-Nov-18,N/A (N/A),N/A,186,13.09B,12.01B,44.26,28.44,4.62,11.22,5.22,10.29,25.6,31-Dec-17,30-Jun-18,25.98%,34.35%,8.61%,12.91%,1.17B,13.83,15.90%,981.88M,469.21M,303.09M,3.51,32.80%,696.16M,8.26,N/A,N/A,2.63,29.76,435.9M,120.52M,1.08,1.28%,5.76%,190.45,140.78,166.71,171.42,549.9k,760.33k,84.3M,83.75M,1.11%,99.47%,1.26M,2.25,1.68%,1.50%,1.65M,N/A,N/A,N/A,N/A,N/A,0.00%,N/A,N/A,1-Feb,5-Jun-07
ANTM,Health Care,265.93,267.48,0.00 x 1000,0.00 x 1000,266.21 - 275.28,213.17 - 283.06,"1,430,850","1,190,223",69.668B,0.99,16.31,16.43,30-Jan-19,3.00 (1.13%),4-Dec-18,317.89,69.67B,66.94B,16.31,15.28,1.01,0.77,2.43,0.74,11,31-Dec-17,30-Jun-18,4.79%,6.08%,4.83%,15.75%,90.58B,351.23,2.30%,17.81B,6.08B,4.34B,16.43,23.20%,24.22B,93.18,19.91B,69.31,1.52,110.42,3.86B,4.99B,0.99,22.94%,5.76%,283.06,213.17,272.59,252,1.19M,1.98M,259.95M,259.66M,0.17%,90.31%,3.76M,3.22,1.40%,1.45%,3.29M,3,1.13%,2.9,1.09%,1.49,17.12%,25-Sep-18,4-Dec-18,1-Feb,1-Jun-05
AON,Financials,155.7,156.95,0.00 x 800,165.20 x 800,154.17 - 157.61,130.87 - 159.72,"739,644","901,720",37.615B,0.64,48.76,3.2,"Jan 31, 2019 - Feb 4, 2019",1.60 (1.03%),31-Oct-18,163.06,37.62B,42.4B,48.76,16.99,1.25,3.45,8.35,3.89,18.68,31-Dec-17,30-Jun-18,7.41%,17.71%,4.43%,17.19%,10.9B,43.55,8.20%,4.21B,2.27B,834M,3.2,-93.80%,561M,2.31,6.61B,143.14,1.07,18.7,647M,-597.75M,0.64,11.07%,5.76%,159.72,130.87,153.33,145.46,901.72k,1.52M,240.84M,237.94M,1.13%,89.01%,2.46M,2.51,1.01%,1.02%,2.29M,1.6,1.03%,1.48,0.95%,1.06,47.20%,15-Nov-18,31-Oct-18,2-Mar,18-May-99
AOS,Industrials,48.09,48.5,0.00 x 800,0.00 x 3100,47.30 - 48.83,40.34 - 68.39,"3,111,452","1,919,690",8.204B,1.49,25.35,1.9,"Jan 28, 2019 - Feb 1, 2019",0.88 (1.83%),30-Oct-18,59.29,8.2B,7.3B,25.35,17.11,1.72,2.61,4.74,2.33,11.77,31-Dec-17,30-Jun-18,10.50%,17.50%,11.31%,19.72%,3.14B,18.28,12.90%,1.24B,620.5M,329.7M,1.9,23.90%,658.4M,3.86,248.1M,14.34,2.15,10.14,426.4M,293.56M,1.49,-19.41%,5.76%,68.39,40.34,50.92,58.37,1.92M,4.16M,144.54M,141.27M,0.91%,94.69%,6.9M,3.2,5.37%,4.04%,5.7M,0.88,1.83%,0.64,1.33%,1.03,33.68%,15-Nov-18,30-Oct-18,1-Feb,6-Oct-16
APA,Energy,36.39,37.01,0.00 x 1400,0.00 x 1300,35.50 - 37.47,33.60 - 50.03,"7,143,897","3,246,503",13.747B,1.71,16.05,2.24,"Oct 31, 2018 - Nov 5, 2018",1.00 (2.75%),19-Oct-18,50.8,13.75B,23.94B,16.05,15.29,0.14,2.11,1.8,3.67,5.97,31-Dec-17,30-Jun-18,13.18%,21.16%,3.87%,12.72%,6.52B,17.06,37.20%,4.36B,4.01B,859M,2.24,-65.90%,972M,2.54,8.34B,92.68,1.36,19.98,2.95B,-47.38M,1.71,-20.44%,5.76%,50.03,33.6,44.01,43.48,3.25M,5.04M,382.49M,381.52M,0.23%,99.92%,27.6M,8.05,7.24%,7.22%,30.25M,1,2.75%,1,2.75%,1.83,44.64%,21-Nov-18,19-Oct-18,1-Feb,15-Jan-04
AIV,Real Estate,43,42.67,0.00 x 800,0.00 x 3100,42.67 - 43.94,37.97 - 45.64,"1,885,439","999,521",7.242B,0.71,18.72,2.33,"Jan 30, 2019 - Feb 4, 2019",1.52 (3.53%),15-Nov-18,45.38,7.24B,11.17B,18.72,161.19,6.73,7.27,4.6,11.21,18.9,31-Dec-17,30-Jun-18,37.42%,21.59%,2.11%,24.65%,996.5M,6.37,1.60%,637.82M,590.8M,363.87M,2.33,-72.10%,46.7M,0.3,4.26B,242.65,0.59,9.47,402.26M,-22.26M,0.71,-3.89%,5.76%,45.64,37.97,43.42,42.27,999.52k,1.45M,157.35M,155.78M,0.98%,101.58%,3.47M,3.02,3.17%,2.21%,3.58M,1.52,3.53%,1.5,3.49%,3.13,1563.31%,31-Aug-18,15-Nov-18,4-May,9-Jun-11
AAPL,Information Technology,222.22,209.55,206.46 x 800,206.50 x 2200,205.43 - 213.65,150.24 - 233.47,"91,351,673","33,665,943",1.002T,1.27,18.8,11.04,"Jan 30, 2019 - Feb 4, 2019",2.92 (1.31%),10-Aug-18,239.75,1T,1.12T,18.8,13.62,1.38,3.93,8.74,4.39,14.25,30-Sep-17,30-Jun-18,21.98%,26.60%,12.22%,45.37%,255.27B,50.63,17.30%,88.19B,78.53B,56.12B,11.04,32.10%,70.97B,14.69,114.6B,99.7,1.31,23.74,73.03B,41.44B,1.27,27.53%,5.76%,233.47,150.24,220.54,201.09,33.67M,48.57M,4.83B,4.57B,0.07%,61.33%,40.15M,1.18,0.79%,0.83%,46.82M,2.92,1.31%,2.62,1.18%,1.73,23.69%,16-Aug-18,10-Aug-18,1-Jul,9-Jun-14
AMAT,Information Technology,35.35,35.81,35.28 x 3100,35.40 x 1800,34.72 - 36.02,30.53 - 62.40,"10,998,189","13,136,949",34.67B,1.1,10.8,3.27,15-Nov-18,0.80 (2.26%),21-Nov-18,54.91,34.67B,34.27B,10.8,8.62,0.59,2.01,5.08,1.99,6.44,29-Oct-17,29-Jul-18,19.87%,28.34%,16.49%,44.00%,17.21B,16.62,19.30%,6.53B,5.32B,3.42B,3.27,26.80%,3.98B,4.05,5.31B,77.77,2.52,6.94,3.24B,1.56B,1.1,-37.24%,5.76%,62.4,30.53,35.97,45.04,13.14M,13.58M,982.99M,973.75M,0.35%,78.72%,16.02M,1.26,1.53%,1.63%,16.16M,0.8,2.26%,0.6,1.70%,1.57,15.34%,13-Dec-18,21-Nov-18,1-Feb,17-Apr-02
APTV,Consumer Discretionary,77.44,78.13,0.00 x 1000,0.00 x 800,77.83 - 79.84,71.66 - 103.23,"3,739,765","2,398,843",20.935B,1.93,16.94,4.69,"Jan 30, 2019 - Feb 4, 2019",0.88 (1.14%),6-Nov-18,99.05,20.94B,23.56B,16.94,14.09,1.11,1.51,5.97,1.7,10.54,31-Dec-17,30-Jun-18,8.98%,11.82%,8.09%,32.57%,13.9B,52.33,16.80%,2.62B,2.24B,1.09B,4.69,-21.10%,970M,3.66,4.09B,108.81,1.55,13.3,1.28B,709.12M,1.93,-5.02%,5.76%,103.23,71.66,79.8,90.23,2.4M,3.8M,263.47M,263.26M,0.35%,95.84%,7.66M,3.06,2.89%,2.89%,5.48M,0.88,1.14%,1.02,1.32%,1.32,24.61%,21-Nov-18,6-Nov-18,1193/1000,5-Dec-17
ADM,Consumer Staples,48.72,48.73,47.03 x 1300,48.50 x 1800,47.67 - 49.19,38.59 - 52.07,"3,483,236","3,277,712",26.867B,0.81,14.01,3.42,6-Nov-18,1.34 (2.75%),15-Aug-18,53.18,26.87B,34.29B,14.01,13.22,-1.58,0.42,1.43,0.54,12.55,31-Dec-17,30-Jun-18,3.05%,2.81%,2.92%,10.77%,63.49B,112.57,14.20%,3.51B,2.73B,1.94B,3.42,105.10%,851M,1.52,7.62B,40.62,1.59,33.47,1.11B,267.5M,0.81,24.06%,5.76%,52.07,38.59,49.36,47.57,3.28M,4.12M,559.74M,546.33M,0.29%,78.62%,9.53M,3.13,1.91%,1.70%,9.05M,1.34,2.75%,1.31,2.69%,2.53,38.30%,6-Sep-18,15-Aug-18,105/100,30-Aug-01
ARNC,Industrials,21.27,21.44,20.81 x 900,20.98 x 900,21.00 - 21.72,16.47 - 31.17,"4,190,299","3,249,567",10.224B,N/A,N/A,-0.84,"Jul 23, 2018 - Jul 27, 2018",0.24 (1.18%),1-Nov-18,23.44,10.22B,14.94B,N/A,13.31,0.81,0.76,1.98,1.11,8.53,31-Dec-17,30-Jun-18,-2.55%,8.75%,3.97%,-6.29%,13.53B,28.62,9.60%,2.6B,1.75B,-364M,-0.84,-43.40%,1.46B,3.01,6.36B,121.83,2.04,10.66,757M,399.38M,N/A,-16.95%,5.76%,31.17,16.47,21.69,20.06,3.25M,4.95M,483.18M,429.51M,0.34%,84.72%,10.93M,3.22,2.53%,2.26%,13.63M,0.24,1.18%,0.24,1.13%,N/A,N/A,25-Nov-18,1-Nov-18,1334/1000,1-Nov-16
ANET,Information Technology,240.96,260.91,0.00 x 1000,0.00 x 1800,245.44 - 269.49,200.49 - 313.37,"3,090,379","1,232,701",19.287B,1.32,87.5,2.95,"Oct 31, 2018 - Nov 5, 2018",N/A (N/A),N/A,295.18,19.29B,15.6B,87.5,30.22,1.39,10.16,11.21,8.22,25.73,31-Dec-17,30-Jun-18,11.95%,30.78%,14.62%,14.74%,1.9B,25.78,28.30%,1.06B,606.09M,226.54M,2.95,N/A,1.86B,24.86,36.59M,2.13,3.17,23,715.66M,730.54M,1.32,16.59%,5.76%,313.37,200.49,246.17,262.06,1.23M,1.32M,74.82M,51.65M,29.52%,55.60%,3.19M,3.1,5.63%,4.26%,2.97M,N/A,N/A,N/A,N/A,N/A,0.00%,N/A,N/A,N/A,N/A
AJG,Financials,74.6,75.32,74.26 x 800,0.00 x 800,73.53 - 75.70,62.04 - 76.49,"1,275,858","773,127",13.636B,1.14,24.88,3,"Jan 23, 2019 - Jan 28, 2019",1.64 (2.20%),6-Dec-18,79.31,13.64B,16.12B,24.88,19,1.58,2.11,3.07,2.5,15.78,31-Dec-17,30-Jun-18,8.57%,9.79%,2.74%,13.98%,6.45B,35.57,11.40%,1.75B,1.02B,552.9M,3,64.10%,652.2M,3.57,3.49B,77.27,1.11,24.33,906.6M,292.41M,1.14,16.31%,5.76%,76.49,62.04,73.95,70.49,773.13k,1.28M,182.61M,180.48M,1.14%,88.00%,1.84M,2.45,1.14%,1.01%,1.71M,1.64,2.20%,1.6,2.14%,2.91,52.94%,21-Dec-18,6-Dec-18,1-Feb,19-Jan-01
AIZ,Financials,97.1,97.75,0.00 x 800,0.00 x 2200,95.49 - 99.03,84.34 - 111.43,"352,550","678,898",6.039B,0.44,12.62,7.66,6-Nov-18,2.24 (2.31%),24-Aug-18,126,6.04B,6.7B,12.62,11.29,0.8,0.9,1.15,1,13.44,31-Dec-17,30-Jun-18,6.36%,5.65%,0.66%,8.97%,6.73B,123.11,14.40%,707.5M,498.8M,423.8M,7.66,-44.30%,1.6B,25.42,2B,37.59,0.66,84.15,703M,7.05B,0.44,-2.19%,5.76%,111.43,84.34,103.44,101.13,678.9k,506.27k,62.49M,54.3M,0.88%,96.01%,2.15M,2.93,4.66%,3.44%,2.19M,2.24,2.31%,2.21,2.28%,1.91,28.70%,18-Sep-18,24-Aug-18,N/A,N/A
T,Communication Services,30.49,30.63,0.00 x 1000,30.59 x 1000,30.35 - 30.91,28.85 - 39.33,"33,517,094","34,559,383",221.88B,0.34,5.96,5.12,30-Jan-19,2.00 (6.56%),9-Oct-18,34.88,221.88B,419.15B,5.96,8.53,1.47,1.4,1.21,2.65,9.22,31-Dec-17,30-Jun-18,20.12%,15.01%,3.11%,20.82%,158.37B,25.5,-2.10%,83.17B,45.45B,31.86B,5.12,31.10%,13.56B,1.87,191.76B,104.14,0.81,25.2,40.66B,9.75B,0.34,-7.21%,5.76%,39.33,28.85,32.58,32.51,34.56M,60.7M,7.27B,7.26B,0.06%,55.97%,63.76M,1.74,1.04%,0.88%,71.24M,2,6.56%,1.99,6.53%,5.28,38.79%,1-Nov-18,9-Oct-18,1-Feb,20-Mar-98
ADSK,Information Technology,135.23,135.51,134.20 x 1100,134.50 x 1100,132.71 - 137.27,101.55 - 159.94,"1,397,206","2,169,344",29.323B,1.77,N/A,-1.89,20-Nov-18,N/A (N/A),22-Mar-05,166.45,29.32B,29.74B,N/A,42.05,1.71,13.09,N/A,13.27,-199.85,31-Jan-18,31-Jul-18,-18.52%,-10.35%,-3.54%,-1123.41%,2.24B,10.23,21.90%,1.77B,-148.8M,-415.1M,-1.89,N/A,1.17B,5.35,1.59B,N/A,0.83,-1.11,54.6M,265.61M,1.77,9.21%,5.76%,159.94,101.55,142.29,137.67,2.17M,2.71M,218.62M,218.27M,0.16%,98.36%,7M,3.03,4.03%,3.20%,4.84M,N/A,N/A,N/A,N/A,N/A,0.00%,N/A,22-Mar-05,1-Feb,21-Dec-04
ADP,Information Technology,140.91,141.12,101.11 x 1100,143.20 x 800,139.05 - 142.54,107.61 - 153.51,"1,590,687","1,891,938",61.557B,0.97,38.45,3.66,"Jan 29, 2019 - Feb 4, 2019",2.76 (1.96%),13-Sep-18,157.76,61.56B,62.23B,38.45,23.57,1.62,4.62,17.85,4.67,21.33,30-Jun-18,30-Jun-18,12.16%,19.07%,4.28%,43.59%,13.33B,30.25,8.30%,5.76B,2.92B,1.62B,3.66,-59.10%,2.17B,4.96,2B,57.88,1.05,7.88,2.52B,2.21B,0.97,26.57%,5.76%,153.51,107.61,145.14,137.18,1.89M,2.7M,437.44M,437.57M,0.15%,80.74%,3.58M,2.03,0.82%,0.82%,3.52M,2.76,1.96%,2.52,1.79%,2.2,68.85%,1-Oct-18,13-Sep-18,1139/1000,1-Oct-14
AZO,Consumer Discretionary,745.87,747.28,700.00 x 1300,790.00 x 1000,746.97 - 760.90,588.56 - 797.89,"252,543","304,889",19.438B,1.16,15.59,48.77,"Dec 3, 2018 - Dec 7, 2018",N/A (N/A),N/A,803.12,19.44B,23.69B,15.59,12.42,1.19,1.73,N/A,2.11,10.21,25-Aug-18,25-Aug-18,11.92%,17.86%,13.46%,N/A,11.22B,416.06,1.30%,5.97B,2.32B,1.34B,48.77,-7.70%,217.82M,8.46,5.01B,N/A,0.92,-59.06,N/A,N/A,1.16,22.88%,5.76%,797.89,588.56,757.22,707.44,304.89k,328.85k,25.56M,25.58M,0.71%,94.68%,735.09k,2.17,3.06%,2.86%,545.19k,N/A,N/A,N/A,N/A,N/A,0.00%,N/A,N/A,1-Feb,21-Apr-94
AVB,Real Estate,175.33,176.32,158.05 x 800,0.00 x 800,172.01 - 176.32,152.65 - 188.91,"644,046","529,355",23.938B,0.59,27.45,6.31,"Jan 29, 2019 - Feb 4, 2019",5.88 (3.35%),27-Sep-18,189,23.94B,31.42B,27.45,36.69,13.75,10.63,2.3,13.96,21.72,31-Dec-17,30-Jun-18,38.74%,36.80%,2.83%,8.43%,2.25B,16.34,7.20%,1.46B,1.45B,869.62M,6.31,54.10%,101.56M,0.74,7.57B,72.77,0.92,75.43,1.31B,1.09B,0.59,-4.40%,5.76%,188.91,152.65,178.23,173.19,529.36k,656.84k,138.22M,137.37M,0.27%,96.17%,2.45M,4.33,2.44%,1.77%,2.22M,5.88,3.35%,5.78,3.30%,3.05,91.60%,15-Oct-18,27-Sep-18,8-Sep,7-Jan-13
AVY,Materials,93.08,92.99,0.00 x 900,109.06 x 900,91.64 - 94.03,86.06 - 123.67,"695,068","611,784",8.079B,1.55,30.77,3,"Jan 29, 2019 - Feb 4, 2019",2.08 (2.23%),4-Dec-18,118.33,8.08B,9.51B,30.77,13.98,1.15,1.15,7.92,1.35,10.22,30-Dec-17,30-Jun-18,3.82%,11.12%,9.55%,25.77%,7.05B,80.02,14.00%,1.81B,931.1M,269.5M,3,-20.90%,238.1M,2.72,1.67B,163.81,1.1,11.66,684M,539.8M,1.55,-13.07%,5.76%,123.67,86.06,101.83,105.25,611.78k,1.05M,87.42M,86.91M,0.51%,89.16%,1.31M,2.17,1.69%,1.50%,1.26M,2.08,2.23%,1.87,2.01%,2.14,55.43%,19-Sep-18,4-Dec-18,1-Feb,23-Dec-96
BHGE,Energy,25.89,26.12,25.80 x 1300,26.39 x 3000,25.56 - 26.48,25.53 - 37.76,"5,121,766","3,442,175",28.675B,0.65,N/A,-0.05,"Jan 22, 2019 - Jan 28, 2019",0.72 (2.64%),13-Aug-18,36.85,28.68B,37.4B,N/A,19.03,0.49,1.3,0.78,1.69,15.45,31-Dec-17,30-Jun-18,-0.10%,4.05%,1.44%,-1.54%,22.13B,52.5,84.00%,3.21B,2.42B,-22M,-0.05,N/A,4.88B,11.85,7.39B,20.06,1.9,33.55,23M,-824.75M,0.65,-23.67%,5.76%,37.76,25.53,30.76,33.11,3.44M,5.29M,412.19M,410.26M,0.32%,97.47%,22.02M,6.64,5.89%,2.00%,24.35M,0.72,2.64%,0.71,2.74%,N/A,248.28%,24-Aug-18,13-Aug-18,N/A,N/A
BLL,Materials,47.62,47.62,40.00 x 1000,0.00 x 1800,46.63 - 48.47,34.71 - 48.47,"4,513,262","3,080,618",16.288B,0.56,37.56,1.26,"Oct 31, 2018 - Nov 5, 2018",0.40 (0.84%),30-Nov-18,50.17,16.29B,22.51B,37.56,17.35,1.96,1.41,4.22,1.95,12.06,31-Dec-17,30-Jun-18,3.91%,9.98%,4.20%,11.81%,11.54B,33.01,8.60%,2.27B,1.87B,451M,1.26,20.20%,549M,1.6,7.44B,186.31,1.23,11.22,1.65B,288.88M,0.56,14.89%,5.76%,48.47,34.71,44.87,40.43,3.08M,3.96M,343.91M,340.28M,0.90%,88.20%,20.73M,6.06,7.67%,6.03%,20.41M,0.4,0.84%,0.4,0.84%,0.82,31.75%,17-Dec-18,30-Nov-18,1-Feb,17-May-17
BAC,Financials,27.81,28.01,0.00 x 800,27.89 x 1400,27.52 - 28.38,25.81 - 33.05,"69,010,191","60,529,352",273.718B,1.69,13.31,2.1,16-Jan-19,0.60 (2.16%),6-Dec-18,34.45,273.72B,71.71B,13.31,9.68,0.37,3.2,1.15,0.84,N/A,31-Dec-17,30-Sep-18,27.15%,37.45%,1.00%,8.69%,85.57B,8.35,5.00%,83.96B,N/A,21.74B,2.1,28.30%,705.69B,67.1,470.92B,N/A,N/A,24.33,N/A,N/A,1.69,0.22%,5.76%,33.05,25.81,28.98,29.84,60.53M,78.85M,9.81B,9.77B,0.08%,68.97%,116.67M,1.73,1.14%,1.18%,126.38M,0.6,2.16%,0.51,1.83%,1.07,24.17%,28-Dec-18,6-Dec-18,1-Feb,30-Aug-04
BK,Financials,47.52,48,46.86 x 1800,47.58 x 2200,46.89 - 48.29,45.16 - 58.99,"6,151,242","5,469,620",46.68B,0.92,11.03,4.28,"Jan 16, 2019 - Jan 21, 2019",1.12 (2.36%),29-Oct-18,55.76,46.68B,-20.59B,11.03,10.75,1.28,2.89,1.23,-1.28,N/A,31-Dec-17,30-Sep-18,28.27%,32.26%,1.30%,11.01%,16.13B,15.92,1.20%,15.57B,N/A,4.36B,4.28,9.10%,130.82B,132.3,60.62B,N/A,N/A,38.45,N/A,N/A,0.92,-7.46%,5.76%,58.99,45.16,49.84,53.23,5.47M,6.62M,988.78M,922.2M,0.00%,0.00%,16.66M,2.97,1.68%,1.69%,16.74M,1.12,2.36%,1,2.10%,1.7,23.08%,9-Nov-18,29-Oct-18,9434/10000,2-Jul-07
Company,Sector,Previous Close,Open,Bid,Ask,Day's Range,52 Week Range,Volume,Avg. Volume,Market Cap,Beta (3Y Monthly),PE Ratio (TTM),EPS (TTM),Earnings Date,Forward Dividend & Yield,Ex-Dividend Date,1y Target Est,Market Cap (intraday),Enterprise Value,Trailing P/E,Forward P/E,PEG Ratio (5 yr expected),Price/Sales,Price/Book,Enterprise Value/Revenue,Enterprise Value/EBITDA,Fiscal Year Ends,Most Recent Quarter,Profit Margin,Operating Margin,Return on Assets,Return on Equity,Revenue,Revenue Per Share,Quarterly Revenue Growth,Gross Profit,EBITDA,Net Income Avi to Common,Diluted EPS,Quarterly Earnings Growth,Total Cash,Total Cash Per Share,Total Debt,Total Debt/Equity,Current Ratio,Book Value Per Share,Operating Cash Flow,Levered Free Cash Flow,Beta (3Y Monthly),52-Week Change,S&P500 52-Week Change,52 Week High,52 Week Low,50-Day Moving Average,200-Day Moving Average,Avg Vol (3 month),Avg Vol (10 day),Shares Outstanding,Float,% Held by Insiders,% Held by Institutions,"Shares Short (Oct 15, 2018)","Short Ratio (Oct 15, 2018)","Short % of Float (Oct 15, 2018)","Short % of Shares Outstanding (Oct 15, 2018)","Shares Short (prior month Sep 14, 2018)",Forward Annual Dividend Rate,Forward Annual Dividend Yield,Trailing Annual Dividend Rate,Trailing Annual Dividend Yield,5 Year Average Dividend Yield,Payout Ratio,Dividend Date,Ex-Dividend Date,Last Split Factor (new per old),Last Split Date
BK,Financials,47.52,48,46.86 x 1800,47.58 x 2200,46.89 - 48.29,45.16 - 58.99,"6,151,242","5,469,620",46.68B,0.92,11.03,4.28,"Jan 16, 2019 - Jan 21, 2019",1.12 (2.36%),29-Oct-18,55.76,46.68B,-20.59B,11.03,10.75,1.28,2.89,1.23,-1.28,N/A,31-Dec-17,30-Sep-18,28.27%,32.26%,1.30%,11.01%,16.13B,15.92,1.20%,15.57B,N/A,4.36B,4.28,9.10%,130.82B,132.3,60.62B,N/A,N/A,38.45,N/A,N/A,0.92,-7.46%,5.76%,58.99,45.16,49.84,53.23,5.47M,6.62M,988.78M,922.2M,0.00%,0.00%,16.66M,2.97,1.68%,1.69%,16.74M,1.12,2.36%,1,2.10%,1.7,23.08%,9-Nov-18,29-Oct-18,9434/10000,2-Jul-07
BAX,Health Care,63.07,63.71,61.23 x 800,62.73 x 1800,61.66 - 64.40,61.05 - 78.38,"4,036,961","3,167,530",33.221B,0.89,37.87,1.64,31-Jan-19,0.76 (1.21%),30-Aug-18,74.73,33.22B,37.35B,37.87,19.02,1.49,3.02,3.75,3.39,15.89,31-Dec-17,30-Jun-18,8.29%,14.48%,5.94%,10.19%,11B,20.35,9.10%,4.57B,2.35B,919M,1.64,29.40%,2.86B,5.35,3.5B,39.44,2.62,16.6,1.97B,978.75M,0.89,-2.00%,5.76%,78.38,61.05,72.43,72.53,3.17M,5.64M,534.27M,497.36M,0.09%,86.33%,5.7M,2.07,1.13%,1.07%,4.97M,0.76,1.21%,0.67,1.06%,2.09,40.36%,1-Oct-18,30-Aug-18,1841/1000,1-Jul-15
BBT,Financials,49.2,49.59,48.76 x 2200,50.06 x 1800,48.76 - 49.88,45.73 - 56.31,"4,216,400","3,548,232",37.891B,1.12,13.25,3.71,17-Jan-19,1.62 (3.29%),8-Nov-18,55.84,37.89B,69.29B,13.25,11.28,1.75,3.47,1.41,6.34,N/A,31-Dec-17,30-Sep-18,28.34%,39.37%,1.41%,10.42%,10.93B,14.05,3.90%,10.77B,N/A,2.92B,3.71,30.00%,3.01B,3.9,32.89B,N/A,N/A,34.9,N/A,N/A,1.12,-0.57%,5.76%,56.31,45.73,48.75,51.51,3.55M,6.33M,770.62M,767.5M,0.72%,67.29%,7.87M,2.2,1.02%,1.02%,8.44M,1.62,3.29%,1.49,3.02%,2.58,40.03%,3-Dec-18,8-Nov-18,1-Feb,4-Aug-98
BDX,Health Care,234.16,235.59,228.99 x 1300,245.15 x 1100,232.03 - 237.84,209.91 - 265.87,"1,211,942","959,715",63.033B,1.05,96.59,2.44,6-Nov-18,3.00 (1.28%),6-Sep-18,272.44,63.03B,82.76B,96.59,18.65,1.5,4.27,2.95,5.61,19.39,30-Sep-17,30-Jun-18,5.24%,17.43%,3.53%,4.55%,14.75B,59.4,41.00%,5.94B,4.27B,621M,2.44,N/A,1.4B,5.23,22.25B,104.18,1.23,79.81,2.68B,1.93B,1.05,5.38%,5.76%,265.87,209.91,247.4,241.99,959.72k,1.22M,267.56M,266.73M,0.26%,89.72%,3.31M,3.4,1.67%,1.24%,3.45M,3,1.28%,2.98,1.27%,1.55,118.73%,28-Sep-18,6-Sep-18,1-Feb,21-Aug-98
BRK-B,Financials,205.86,207.5,205.81 x 800,208.00 x 900,203.39 - 208.71,180.44 - 224.07,"5,059,967","4,315,723",513.583B,0.82,10.73,19.25,N/A,N/A (N/A),N/A,243.25,513.58B,-5.75B,10.73,20.37,2.4,2.16,0,-0.02,-0.16,31-Dec-17,30-Jun-18,19.95%,11.23%,2.43%,14.38%,238.08B,"144,741.09",9.50%,25.89B,36.16B,47.49B,19.25,181.80%,106.52B,"64,751.55",96.77B,26.75,1.68,"217,617.14",35.24B,-10.12B,0.82,10.27%,5.76%,224.07,180.44,211.9,201.85,4.32M,5.2M,1.36B,1.35M,N/A,N/A,12.25M,2.48,0.96%,0.49%,9.41M,N/A,N/A,N/A,N/A,N/A,0.00%,N/A,N/A,50/1,21-Jan-10
BBY,Consumer Discretionary,73.08,73.89,71.75 x 1000,72.20 x 800,70.46 - 75.11,52.92 - 84.37,"4,078,306","3,382,683",19.738B,0.38,19.98,3.6,20-Nov-18,1.80 (2.46%),17-Sep-18,80.61,19.74B,18.03B,19.98,13.09,0.99,0.46,6.23,0.42,6.68,3-Feb-18,4-Aug-18,2.44%,4.60%,9.76%,27.98%,43.17B,150.19,4.90%,9.88B,2.7B,1.05B,3.6,16.70%,2.5B,9.12,855M,26.84,1.21,11.54,2.56B,1.54B,0.38,29.60%,5.76%,84.37,52.92,74.07,75.38,3.38M,3.32M,274.56M,237.55M,14.18%,85.15%,18.68M,5.63,8.84%,6.80%,18.4M,1.8,2.46%,1.69,2.31%,2.37,44.26%,9-Oct-18,17-Sep-18,2-Mar,4-Aug-05
BIIB,Health Care,315.33,319.33,310.00 x 1100,317.77 x 1800,309.64 - 320.89,249.17 - 388.67,"1,010,655","1,228,686",63.004B,1.53,22.2,14.08,"Jan 23, 2019 - Jan 28, 2019",N/A (N/A),N/A,389.35,63B,66.38B,22.2,11.2,1.55,4.89,5.14,5.16,9.65,31-Dec-17,30-Jun-18,23.06%,48.01%,16.90%,26.41%,12.87B,61.19,9.00%,10.64B,6.88B,2.97B,14.08,0.40%,3.22B,16.01,5.93B,48.38,2.36,60.87,5.7B,3.88B,1.53,-0.04%,5.76%,388.67,249.17,331.37,318.57,1.23M,1.86M,201.48M,201.11M,0.39%,91.17%,3.2M,2.51,1.52%,1.59%,3.15M,N/A,N/A,N/A,N/A,N/A,0.00%,N/A,N/A,1-Mar,18-Jan-01
BLK,Financials,412.99,416.97,399.62 x 1000,419.14 x 800,405.98 - 419.18,376.31 - 594.52,"869,930","791,220",65.881B,1.6,11.72,34.96,"Jan 10, 2019 - Jan 14, 2019",12.52 (3.03%),6-Sep-18,502.85,65.88B,58.95B,11.72,14.38,1.31,4.91,2.05,4.39,9.85,31-Dec-17,30-Sep-18,42.41%,43.01%,N/A,N/A,13.42B,83.4,10.60%,6.84B,5.98B,5.69B,34.96,28.40%,8.71B,54.5,4.99B,15.19,N/A,199.84,N/A,N/A,1.6,-13.17%,5.76%,594.52,376.31,440.29,491,791.22k,1.17M,159.81M,121.93M,3.74%,85.08%,992k,1.34,0.81%,0.62%,824.65k,12.52,3.03%,11.39,2.76%,2.31,32.49%,24-Sep-18,6-Sep-18,1-Jan,5-Jun-07
HRB,Consumer Discretionary,26.46,26.54,0.00 x 3100,0.00 x 1000,26.37 - 27.23,22.45 - 29.81,"2,998,686","2,638,850",5.576B,-0.02,9.65,2.81,"Dec 4, 2018 - Dec 10, 2018",1.00 (3.78%),11-Sep-18,25.43,5.58B,5.94B,9.65,13.17,1.36,1.76,29.05,1.87,6.3,30-Apr-18,31-Jul-18,18.66%,24.07%,20.12%,N/A,3.17B,15.17,5.40%,1.42B,942.62M,604.46M,2.81,N/A,979.12M,4.76,1.5B,779.15,2.27,0.93,883.56M,505.65M,-0.02,8.71%,5.76%,29.81,22.45,25.91,26,2.64M,2.67M,205.52M,205.2M,0.43%,101.51%,26.51M,8.93,17.58%,12.90%,26.16M,1,3.78%,0.97,3.67%,3.09,33.68%,1-Oct-18,11-Sep-18,1-Feb,23-Aug-05
BA,Industrials,363.07,366.97,357.75 x 800,358.75 x 800,356.76 - 371.54,259.56 - 394.28,"4,029,826","3,541,201",203.161B,1.69,22.47,15.92,"Jan 29, 2019 - Feb 4, 2019",6.84 (1.88%),8-Nov-18,415.04,203.16B,203.52B,22.47,19.64,1.13,2.12,N/A,2.12,15.59,31-Dec-17,30-Jun-18,9.94%,11.39%,6.73%,N/A,96.02B,162.11,5.20%,17.33B,13.06B,9.54B,15.92,25.60%,9.77B,17.01,12.12B,N/A,1.11,-2.5,14.11B,7.56B,1.69,37.49%,5.76%,394.28,259.56,365.87,352.25,3.54M,5.22M,567.88M,574.16M,0.10%,70.21%,4.8M,1.21,0.82%,0.84%,4.92M,6.84,1.88%,6.26,1.72%,2.27,38.55%,7-Dec-18,8-Nov-18,1-Feb,9-Jun-97
BKNG,Consumer Discretionary,"1,896.09","1,901.48","1,865.00 x 1000","1,880.00 x 900","1,856.90 - 1,904.96","1,630.56 - 2,228.99","354,034","454,824",89.01B,0.99,33.66,55.7,5-Nov-18,N/A (N/A),N/A,"2,174.52",89.01B,88.3B,33.66,18.61,1.25,6.5,8.55,6.44,16.16,31-Dec-17,30-Jun-18,20.07%,36.93%,12.97%,24.92%,13.7B,282.44,16.90%,12.42B,5.46B,2.75B,55.7,35.70%,7.33B,154.46,8.76B,83.67,1.92,219.26,5.35B,4.01B,0.99,-0.36%,5.76%,"2,228.99","1,630.56","1,879.84","2,002.25",454.82k,449.54k,47.47M,47.36M,0.29%,94.87%,1.11M,2.71,2.61%,2.34%,1.32M,N/A,N/A,N/A,N/A,N/A,0.00%,N/A,N/A,6-Jan,16-Jun-03
BWA,Consumer Discretionary,41.04,41.31,38.51 x 900,41.46 x 800,40.13 - 41.63,35.71 - 58.22,"2,407,356","2,369,770",8.41B,2.02,15.88,2.54,"Oct 24, 2018 - Oct 29, 2018",0.68 (1.66%),31-Aug-18,49.56,8.41B,9.75B,15.88,8.68,1.26,0.8,2.13,0.93,5.6,31-Dec-17,30-Jun-18,5.11%,12.53%,8.61%,15.07%,10.48B,50.05,12.70%,2.12B,1.74B,535.6M,2.54,28.20%,361.9M,1.73,2.17B,53.6,1.59,18.96,1.09B,508.58M,2.02,-22.04%,5.76%,58.22,35.71,40.81,45.59,2.37M,3.41M,208.27M,207.3M,0.58%,95.63%,4.41M,1.55,2.35%,2.11%,4.91M,0.68,1.66%,0.65,1.58%,1.16,25.66%,17-Sep-18,31-Aug-18,1-Feb,17-Dec-13
BXP,Real Estate,119.92,120.08,0.00 x 1200,125.00 x 900,117.74 - 120.21,111.57 - 132.82,"900,346","758,340",20.381B,0.96,35,3.4,29-Jan-19,3.80 (3.17%),27-Sep-18,134.4,20.38B,30.57B,35,38.27,5.22,7.7,3.23,11.55,19.79,31-Dec-17,30-Jun-18,20.26%,34.59%,2.92%,8.06%,2.65B,17.15,0.50%,1.66B,1.54B,525.72M,3.4,-3.70%,472.56M,3.06,10.72B,130.54,3.16,36.87,1.1B,788.67M,0.96,-2.84%,5.76%,132.82,111.57,119.81,123.38,758.34k,1.03M,154.42M,153.97M,0.60%,100.73%,2.13M,2.83,2.02%,1.38%,2.15M,3.8,3.17%,3.15,2.63%,2.23,119.55%,31-Oct-18,27-Sep-18,N/A,N/A
BSX,Health Care,36.99,37.24,36.72 x 1800,37.02 x 800,36.54 - 37.59,24.54 - 39.44,"4,560,864","7,136,566",50.938B,1,97.12,0.38,"Jan 30, 2019 - Feb 4, 2019",N/A (N/A),N/A,41.88,50.94B,56.11B,97.12,23.3,2.49,5.36,6.57,5.91,21.83,31-Dec-17,30-Jun-18,5.48%,18.12%,5.66%,6.96%,9.5B,6.91,10.30%,6.44B,2.57B,521M,0.38,280.10%,208M,0.15,6.49B,83.85,0.83,5.61,926M,733M,1,33.01%,5.76%,39.44,24.54,37.29,33.68,7.14M,9.21M,1.38B,1.38B,0.27%,95.33%,12.45M,1.75,1.02%,0.90%,10.41M,N/A,N/A,N/A,N/A,N/A,0.00%,N/A,N/A,1-Feb,6-Nov-03
BHF,Financials,40.57,41.08,32.35 x 800,42.69 x 900,40.28 - 41.99,37.68 - 67.55,"1,711,134","1,160,161",4.902B,N/A,N/A,-4.86,6-Nov-18,N/A (N/A),N/A,48.43,4.9B,10.71B,N/A,4.5,1.13,0.67,0.36,1.46,-16.81,31-Dec-17,30-Jun-18,-7.91%,-8.90%,-0.19%,-3.86%,7.35B,61.37,-16.50%,1.86B,-637M,-581M,-4.86,N/A,3.08B,25.67,8.86B,65.61,2.19,112.17,3.09B,1.1B,N/A,-28.40%,5.76%,67.55,37.68,43.01,44.24,1.16M,1.4M,119.78M,107.99M,0.01%,90.50%,7.6M,5.69,7.87%,6.34%,5.77M,N/A,N/A,N/A,N/A,N/A,0.00%,N/A,N/A,N/A,N/A
BMY,Health Care,52.13,52.46,50.50 x 1400,50.76 x 1400,50.38 - 52.49,46.94 - 70.05,"9,236,503","6,922,107",82.736B,1.16,225.29,0.22,"Oct 24, 2018 - Oct 29, 2018",1.60 (3.07%),4-Oct-18,59.71,82.74B,84.07B,225.29,12.67,1.23,3.83,6.72,3.89,14.08,31-Dec-17,30-Jun-18,1.74%,26.12%,10.68%,2.97%,21.6B,13.21,10.90%,14.86B,5.97B,376M,0.22,-59.30%,6.07B,3.72,7.39B,59.49,1.4,7.55,5.06B,3.46B,1.16,-15.48%,5.76%,70.05,46.94,57.76,56.26,6.92M,11.48M,1.63B,1.63B,0.16%,74.27%,12.93M,2.13,0.79%,0.79%,14.32M,1.6,3.07%,1.59,3.05%,2.57,179.78%,1-Nov-18,4-Oct-18,1000000/951777,7-Aug-01
AVGO,Information Technology,229.88,225.33,221.00 x 1100,221.90 x 800,217.76 - 225.88,197.46 - 285.68,"3,522,968","3,702,349",91.277B,0.47,7.94,27.8,"Dec 3, 2018 - Dec 13, 2018",7.00 (3.05%),18-Sep-18,289,91.28B,108.17B,7.94,10.31,0.91,4.51,3.32,5.34,11.8,29-Oct-17,5-Aug-18,57.67%,23.89%,6.03%,48.13%,20.25B,48.47,13.40%,11.04B,9.17B,11.69B,27.8,148.60%,4.14B,10,17.6B,64.13,3.98,66.47,8.2B,7.19B,0.47,-17.17%,5.76%,285.68,197.46,235.65,234.06,3.7M,3.62M,413.45M,406M,0.18%,86.19%,10.09M,2.58,2.96%,2.44%,8.89M,7,3.05%,7,3.05%,1.5,23.21%,28-Sep-18,18-Sep-18,N/A,N/A
BR,Information Technology,116.71,117.07,105.00 x 900,128.45 x 2200,115.57 - 119.36,86.80 - 138.24,"756,871","838,648",13.53B,0.64,32.67,3.56,6-Nov-18,1.94 (1.66%),17-Sep-18,134.6,13.53B,14.39B,32.67,22.72,1.87,3.12,12.36,3.32,17.83,30-Jun-18,30-Jun-18,9.88%,13.74%,11.52%,40.79%,4.33B,37.07,-1.90%,1.16B,806.9M,427.9M,3.56,10.50%,264M,2.27,1.05B,96.26,1.27,9.41,693.6M,498.21M,0.64,33.90%,5.76%,138.24,86.8,123.51,120.8,838.65k,891.6k,116.33M,115.62M,44.08%,37.28%,2.88M,3.39,3.21%,2.47%,2.59M,1.94,1.66%,1.46,1.25%,1.81,41.01%,3-Oct-18,17-Sep-18,N/A,N/A
BF-B,Consumer Staples,47.15,47.22,35.00 x 1800,50.26 x 1300,47.07 - 48.27,44.00 - 59.58,"1,397,701","1,604,015",22.814B,0.64,31.09,1.52,N/A,0.63 (1.34%),5-Sep-18,52.43,22.81B,24.92B,31.09,25.27,2.83,6.93,16.62,7.57,22.21,30-Apr-18,31-Jul-18,22.45%,32.06%,13.42%,53.01%,3.29B,6.85,5.90%,2.2B,1.12B,739M,1.52,12.40%,211M,0.44,2.49B,181.73,3.02,2.84,653M,541.12M,0.64,6.96%,5.76%,59.58,44,48.47,52.25,1.6M,1.6M,312.1M,250.36M,N/A,N/A,8.04M,2.73,N/A,1.67%,8.7M,0.63,1.34%,0.62,1.31%,1.3,40.79%,1-Oct-18,5-Sep-18,4-May,1-Mar-18
CHRW,Industrials,90.9,91.46,85.41 x 3100,91.24 x 1000,88.19 - 92.35,77.52 - 101.20,"1,235,260","1,023,475",12.289B,0.49,21.84,4.06,"Jan 28, 2019 - Feb 1, 2019",1.84 (2.02%),6-Sep-18,97.89,12.29B,13.34B,21.84,17.85,1.44,0.77,8.11,0.84,14.71,31-Dec-17,30-Jun-18,3.60%,5.17%,12.24%,40.15%,15.95B,114,15.30%,1.19B,906.88M,573.2M,4.06,43.30%,310.58M,2.24,1.41B,92.68,1.81,10.94,542.46M,410.91M,0.49,14.95%,5.76%,101.2,77.52,93.77,91.47,1.02M,1.61M,138.54M,137.98M,0.42%,87.78%,9.78M,10.23,7.98%,7.06%,9.52M,1.84,2.02%,1.83,2.01%,2.24,45.07%,28-Sep-18,6-Sep-18,1-Feb,17-Oct-05
CA,Information Technology,44.41,44.44,44.31 x 800,44.46 x 800,44.41 - 44.47,31.97 - 44.47,"12,000,754","4,668,900",18.583B,0.73,40.11,1.11,"Oct 23, 2018 - Oct 29, 2018",1.02 (2.30%),22-Aug-18,44.5,18.58B,17.94B,40.11,15.48,2.88,4.48,2.34,4.32,14.31,31-Mar-18,30-Jun-18,11.19%,27.65%,5.50%,6.76%,4.15B,10.03,-8.50%,3.63B,1.25B,458M,1.11,-6.70%,3.33B,7.96,2.92B,37.13,2.21,19.02,1.16B,-526.38M,0.73,36.86%,5.76%,44.47,31.97,43.98,40.4,4.67M,7.94M,418.17M,313.4M,25.01%,71.66%,27.42M,5.96,8.75%,6.56%,23.53M,1.02,2.30%,1.02,2.30%,3.16,91.89%,11-Sep-18,22-Aug-18,2-Mar,28-Nov-97
COG,Energy,24.35,24.35,0.00 x 1800,25.00 x 4000,23.81 - 24.56,20.95 - 29.57,"8,197,714","6,515,915",10.585B,0.18,84.95,0.29,"Oct 25, 2018 - Oct 29, 2018",0.28 (1.15%),6-Nov-18,26.79,10.59B,10.81B,84.95,14.97,0.4,6.08,5.03,6.21,12.3,31-Dec-17,30-Jun-18,7.63%,0.51%,0.12%,5.54%,1.74B,3.79,2.30%,1.15B,879.5M,132.81M,0.29,97.10%,740.99M,1.68,1.52B,70.68,1.67,4.88,914.87M,121.89M,0.18,-15.39%,5.76%,29.57,20.95,23.17,23.35,6.52M,10.32M,431.18M,434.09M,1.58%,97.00%,36.55M,4.85,9.08%,8.28%,29.22M,0.28,1.15%,0.22,0.90%,0.43,43.40%,16-Nov-18,6-Nov-18,1-Feb,15-Aug-13
CDNS,Information Technology,45.31,45.29,43.55 x 800,48.00 x 1300,44.75 - 45.71,35.49 - 47.40,"1,734,188","1,924,280",12.769B,1.39,58.56,0.77,"Jan 29, 2019 - Feb 4, 2019",N/A (N/A),N/A,51.51,12.77B,13.07B,58.56,23.15,2.08,6.31,10.75,6.46,28,30-Dec-17,30-Jun-18,10.62%,17.31%,9.13%,20.07%,2.02B,7.4,8.20%,1.71B,466.74M,214.75M,0.77,8.70%,825.38M,2.92,644.82M,54.28,1.3,4.2,579.08M,355.46M,1.39,2.30%,5.76%,47.4,35.49,43.61,43.73,1.92M,3.39M,282.81M,279.21M,1.17%,91.54%,5.27M,2.93,2.12%,1.87%,4.87M,N/A,N/A,N/A,N/A,N/A,0.00%,N/A,N/A,1-Feb,17-Nov-97
CPB,Consumer Staples,37.94,37.85,0.00 x 1400,0.00 x 800,36.39 - 37.85,32.63 - 51.07,"3,554,761","3,818,304",11.088B,-0.04,42.88,0.86,"Nov 19, 2018 - Nov 23, 2018",1.40 (3.69%),11-Oct-18,36.4,11.09B,21.11B,42.88,14.18,-11.56,1.28,8.14,2.43,10.85,29-Jul-18,29-Jul-18,3.01%,17.86%,8.71%,17.30%,8.68B,28.85,33.40%,2.91B,1.94B,261M,0.86,-70.40%,226M,0.75,9.89B,720.61,0.64,4.53,1.3B,764.75M,-0.04,-16.49%,5.76%,51.07,32.63,38.06,39.17,3.82M,3.13M,300.66M,155.54M,27.02%,61.34%,32.7M,9.22,17.92%,10.88%,31.31M,1.4,3.69%,1.4,3.69%,2.62,162.79%,29-Oct-18,11-Oct-18,1-Feb,18-Mar-97
COF,Financials,89.3,89.3,86.99 x 800,89.89 x 900,86.86 - 89.85,84.94 - 106.50,"4,372,869","2,519,158",41.34B,1.41,13.77,6.34,"Jan 21, 2019 - Jan 25, 2019",1.60 (1.79%),3-Aug-18,113.86,41.34B,87.72B,13.77,7.68,0.46,1.93,0.93,4.1,N/A,31-Dec-17,30-Jun-18,15.84%,35.62%,0.99%,7.14%,21.39B,44.05,20.60%,19.69B,N/A,3.25B,6.34,84.00%,13.69B,28.22,54.82B,N/A,N/A,93.93,12.85B,N/A,1.41,-3.25%,5.76%,106.5,84.94,93.05,95.09,2.52M,3.96M,473.7M,481.45M,0.67%,90.48%,4.02M,1.39,0.83%,0.85%,3.43M,1.6,1.79%,1.6,1.79%,1.78,24.13%,16-Aug-18,3-Aug-18,1-Mar,2-Jun-99
CAH,Health Care,52.61,52.91,0.00 x 1200,52.50 x 800,51.13 - 53.12,48.14 - 75.75,"2,383,818","3,452,101",15.425B,1.28,63.51,0.81,8-Nov-18,1.91 (3.77%),28-Sep-18,55.43,15.43B,23.35B,63.51,9.47,2.12,0.11,2.62,0.17,7.74,30-Jun-18,30-Jun-18,0.19%,1.45%,3.10%,3.98%,136.81B,437.09,7.20%,7.18B,3.02B,256M,0.81,N/A,1.76B,5.71,9.09B,149.74,1.07,19.61,2.77B,2.44B,1.28,-12.68%,5.76%,75.75,48.14,52.82,53.02,3.45M,4.11M,299.86M,307.97M,0.47%,86.28%,12.42M,3.84,4.15%,4.14%,10.36M,1.91,3.77%,1.86,3.54%,2.2,230.06%,15-Oct-18,28-Sep-18,2-Mar,23-Apr-01
KMX,Consumer Discretionary,69.73,70.23,0.00 x 900,0.00 x 800,68.94 - 70.77,57.05 - 81.67,"1,240,598","1,514,923",12.187B,1.82,17.31,4.03,21-Dec-18,N/A (N/A),N/A,86.23,12.19B,25.6B,17.31,13.85,1.1,0.65,3.51,1.37,19.71,28-Feb-18,31-Aug-18,3.91%,5.98%,3.98%,21.86%,18.66B,104.11,8.90%,2.75B,1.3B,730.53M,4.03,21.80%,37.15M,0.21,13.59B,390.25,2.36,19.86,-50.76M,432.06M,1.82,-6.91%,5.76%,81.67,57.05,72.13,72.03,1.51M,1.96M,174.62M,161.82M,0.50%,105.09%,11.55M,5.58,7.24%,6.61%,12.29M,N/A,N/A,N/A,N/A,N/A,0.00%,N/A,N/A,1-Feb,27-Mar-07
CCL,Consumer Discretionary,57.75,58.15,56.25 x 1800,57.72 x 1400,56.53 - 58.26,53.47 - 72.70,"3,138,904","3,849,755",39.783B,1.19,12.78,4.47,"Dec 17, 2018 - Dec 21, 2018",2.00 (3.46%),21-Nov-18,72.83,39.78B,49.17B,12.78,12.25,1.11,2.13,1.62,2.63,9.07,30-Nov-17,31-Aug-18,17.15%,18.39%,5.21%,13.13%,18.68B,26.2,5.80%,7.31B,5.42B,3.2B,4.47,28.40%,526M,0.75,9.64B,39.09,0.22,35.22,5.46B,769.63M,1.19,-12.06%,5.76%,72.7,53.47,60.53,61.22,3.85M,4.71M,527M,398.46M,17.21%,78.67%,11.71M,2.45,3.73%,1.61%,10.52M,2,3.46%,1.9,3.29%,2.46,42.51%,14-Dec-18,21-Nov-18,1-Feb,15-Jun-98
CAT,Industrials,124.7,127.05,125.08 x 800,125.99 x 800,124.26 - 128.30,112.06 - 173.24,"7,683,944","5,627,435",74.76B,1.49,24.3,5.18,"Jan 23, 2019 - Jan 28, 2019",3.44 (2.76%),19-Oct-18,156.38,74.76B,99.16B,24.3,9.77,0.41,1.46,5.02,1.94,9.53,31-Dec-17,30-Jun-18,6.12%,14.84%,6.03%,21.60%,51.18B,85.89,23.70%,12.04B,10.41B,3.13B,5.18,112.80%,7.79B,13.1,36.17B,242.08,1.37,25.03,4.86B,2.06B,1.49,-9.45%,5.76%,173.24,112.06,140.68,143.63,5.63M,10.5M,594.32M,593.53M,0.17%,68.52%,6.81M,1.41,1.24%,1.15%,7.42M,3.44,2.76%,3.2,2.57%,2.99,51.04%,20-Nov-18,19-Oct-18,1-Feb,14-Jul-05